rxn_id	ligand_1_name	ligand_1_cas	ligand_1_smiles	startingmat_1_cas	startingmat_1_smiles	startingmat_2_cas	startingmat_2_smiles	product_1_smiles	product_1_yield	num_phos	buchwald-type
p-OMeBnNH2-001	L-001	131274-22-1	CC(C)(C)P(C(C)(C)C)C(C)(C)C	2393-23-9	NCC1=CC=C(OC)C=C1	149105-06-6	O=C(C1=CC=C(Br)C(C)=C1)N2CCOCC2	O=C(N1CCOCC1)C2=CC=C(C(C)=C2)NCC3=CC=C(OC)C=C3	5.3	1	0
p-OMeBnNH2-002	L-002	897665-73-5	P(C12CC3CC(CC(C3)C1)C2)(C45CC6CC(CC(C6)C4)C5)C78CC9CC(CC(C9)C7)C8	2393-23-9	NCC1=CC=C(OC)C=C1	149105-06-6	O=C(C1=CC=C(Br)C(C)=C1)N2CCOCC2	O=C(N1CCOCC1)C2=CC=C(C(C)=C2)NCC3=CC=C(OC)C=C3	4	1	0
p-OMeBnNH2-004	L-004	932710-63-9	CN(C)C1=CC=C(P(C(C)(C)C)C(C)(C)C)C=C1	2393-23-9	NCC1=CC=C(OC)C=C1	149105-06-6	O=C(C1=CC=C(Br)C(C)=C1)N2CCOCC2	O=C(N1CCOCC1)C2=CC=C(C(C)=C2)NCC3=CC=C(OC)C=C3	2.5	1	0
p-OMeBnNH2-005	L-005	2622-14-2	P(C1CCCCC1)(C2CCCCC2)C3CCCCC3	2393-23-9	NCC1=CC=C(OC)C=C1	149105-06-6	O=C(C1=CC=C(Br)C(C)=C1)N2CCOCC2	O=C(N1CCOCC1)C2=CC=C(C(C)=C2)NCC3=CC=C(OC)C=C3	0	1	0
p-OMeBnNH2-006	L-006	1160556-64-8	CN(C)C(C=CC=C1N(C)C)=C1C2=CC=CC=C2P(C3CCCCC3)C4CCCCC4	2393-23-9	NCC1=CC=C(OC)C=C1	149105-06-6	O=C(C1=CC=C(Br)C(C)=C1)N2CCOCC2	O=C(N1CCOCC1)C2=CC=C(C(C)=C2)NCC3=CC=C(OC)C=C3	9.5	1	1
p-OMeBnNH2-007	L-007	787618-22-8	CC(C)OC(C=CC=C1OC(C)C)=C1C2=CC=CC=C2P(C3CCCCC3)C4CCCCC4	2393-23-9	NCC1=CC=C(OC)C=C1	149105-06-6	O=C(C1=CC=C(Br)C(C)=C1)N2CCOCC2	O=C(N1CCOCC1)C2=CC=C(C(C)=C2)NCC3=CC=C(OC)C=C3	8.7	1	1
p-OMeBnNH2-008	L-008	564483-18-7	CC(C)C(C=C1C(C)C)=CC(C(C)C)=C1C2=CC=CC=C2P(C3CCCCC3)C4CCCCC4	2393-23-9	NCC1=CC=C(OC)C=C1	149105-06-6	O=C(C1=CC=C(Br)C(C)=C1)N2CCOCC2	O=C(N1CCOCC1)C2=CC=C(C(C)=C2)NCC3=CC=C(OC)C=C3	7	1	1
p-OMeBnNH2-009	L-009	564483-19-8	CC(C)C(C=C1C(C)C)=CC(C(C)C)=C1C2=CC=CC=C2P(C(C)(C)C)C(C)(C)C	2393-23-9	NCC1=CC=C(OC)C=C1	149105-06-6	O=C(C1=CC=C(Br)C(C)=C1)N2CCOCC2	O=C(N1CCOCC1)C2=CC=C(C(C)=C2)NCC3=CC=C(OC)C=C3	6.4	1	1
p-OMeBnNH2-010	L-010	1262046-34-3	CC(C)C(C=C1C(C)C)=CC(C(C)C)=C1C2=C(C)C=CC(OC)=C2P(C(C)(C)C)C(C)(C)C	2393-23-9	NCC1=CC=C(OC)C=C1	149105-06-6	O=C(C1=CC=C(Br)C(C)=C1)N2CCOCC2	O=C(N1CCOCC1)C2=CC=C(C(C)=C2)NCC3=CC=C(OC)C=C3	6.8	1	1
p-OMeBnNH2-011	L-011	1160861-53-9	CC(C)C(C=C1C(C)C)=CC(C(C)C)=C1C2=C(OC)C=CC(OC)=C2P(C(C)(C)C)C(C)(C)C	2393-23-9	NCC1=CC=C(OC)C=C1	149105-06-6	O=C(C1=CC=C(Br)C(C)=C1)N2CCOCC2	O=C(N1CCOCC1)C2=CC=C(C(C)=C2)NCC3=CC=C(OC)C=C3	6.3	1	1
p-OMeBnNH2-012	L-012	1160861-59-5	CC(C)C(C=C1C(C)C)=CC(C(C)C)=C1C2=C(OC)C=CC(OC)=C2P([C@]34C[C@H](C[C@@H]5C4)C[C@H](C5)C3)[C@@]67CC(C[C@@H]8C7)CC(C8)C6	2393-23-9	NCC1=CC=C(OC)C=C1	149105-06-6	O=C(C1=CC=C(Br)C(C)=C1)N2CCOCC2	O=C(N1CCOCC1)C2=CC=C(C(C)=C2)NCC3=CC=C(OC)C=C3	6.4	1	1
p-OMeBnNH2-013	L-013	40438-64-0	CN(C)C(C=C1)=CC=C1P(C2CCCCC2)C3CCCCC3	2393-23-9	NCC1=CC=C(OC)C=C1	149105-06-6	O=C(C1=CC=C(Br)C(C)=C1)N2CCOCC2	O=C(N1CCOCC1)C2=CC=C(C(C)=C2)NCC3=CC=C(OC)C=C3	0	1	0
p-OMeBnNH2-014	L-014	657408-07-6	COC1=CC=CC(OC)=C1C2=CC=CC=C2P(C3CCCCC3)C4CCCCC4	2393-23-9	NCC1=CC=C(OC)C=C1	149105-06-6	O=C(C1=CC=C(Br)C(C)=C1)N2CCOCC2	O=C(N1CCOCC1)C2=CC=C(C(C)=C2)NCC3=CC=C(OC)C=C3	7.9	1	1
p-OMeBnNH2-015	L-015	1262046-33-2	CC(C)C(C=C1C(C)C)=CC(C(C)C)=C1C2=C(C)C=CC(OC)=C2P(C3CCCCC3)C4CCCCC4	2393-23-9	NCC1=CC=C(OC)C=C1	149105-06-6	O=C(C1=CC=C(Br)C(C)=C1)N2CCOCC2	O=C(N1CCOCC1)C2=CC=C(C(C)=C2)NCC3=CC=C(OC)C=C3	7.9	1	1
p-OMeBnNH2-016	L-016	1070663-78-3	CC(C)C(C=C1C(C)C)=CC(C(C)C)=C1C2=C(OC)C=CC(OC)=C2P(C3CCCCC3)C4CCCCC4	2393-23-9	NCC1=CC=C(OC)C=C1	149105-06-6	O=C(C1=CC=C(Br)C(C)=C1)N2CCOCC2	O=C(N1CCOCC1)C2=CC=C(C(C)=C2)NCC3=CC=C(OC)C=C3	7.5	1	1
p-OMeBnNH2-017	L-017	2380310-07-4	CC(C)C(C=C1C(C)C)=CC(C(C)C)=C1C2=CC=CC(OC)=C2P3C4(CCCCC4)CC5(OCCO5)CC36CCCCC6	2393-23-9	NCC1=CC=C(OC)C=C1	149105-06-6	O=C(C1=CC=C(Br)C(C)=C1)N2CCOCC2	O=C(N1CCOCC1)C2=CC=C(C(C)=C2)NCC3=CC=C(OC)C=C3	5.5	1	1
p-OMeBnNH2-018	L-018	1219080-77-9	CN(C)C1=CC=CC=C1P([C@]23C[C@H]4C[C@H](C[C@H](C4)C3)C2)[C@]56C[C@H]7C[C@H](C[C@H](C7)C6)C5	2393-23-9	NCC1=CC=C(OC)C=C1	149105-06-6	O=C(C1=CC=C(Br)C(C)=C1)N2CCOCC2	O=C(N1CCOCC1)C2=CC=C(C(C)=C2)NCC3=CC=C(OC)C=C3	1.2	1	0
p-OMeBnNH2-019	L-019	97739-46-3	CC1(O2)CC(O3)(C)OC2(C)CC3(C)P1C4=CC=CC=C4	2393-23-9	NCC1=CC=C(OC)C=C1	149105-06-6	O=C(C1=CC=C(Br)C(C)=C1)N2CCOCC2	O=C(N1CCOCC1)C2=CC=C(C(C)=C2)NCC3=CC=C(OC)C=C3	0.8	1	0
p-OMeBnNH2-020	L-020		CC(P(C1=C(N2C=CC=C2)C=CC=C1)C(C)(C)C)(C)C	2393-23-9	NCC1=CC=C(OC)C=C1	149105-06-6	O=C(C1=CC=C(Br)C(C)=C1)N2CCOCC2	O=C(N1CCOCC1)C2=CC=C(C(C)=C2)NCC3=CC=C(OC)C=C3	0.7	1	0
p-OMeBnNH2-021	L-021	247940-06-3	C1(C2=CC=CC=C2)=C(P(C3CCCCC3)C4CCCCC4)C=CC=C1	2393-23-9	NCC1=CC=C(OC)C=C1	149105-06-6	O=C(C1=CC=C(Br)C(C)=C1)N2CCOCC2	O=C(N1CCOCC1)C2=CC=C(C(C)=C2)NCC3=CC=C(OC)C=C3	3.7	1	1
p-OMeBnNH2-022	L-022	1036373-39-3	C=1C=CC(=CC1)P([C-]23[CH]4=[CH]5[CH]6=[CH]2[Fe+2]56789%1043[CH]=%11[CH]%10=[CH]9[C-]8(P(C%12CCCCC%12)C%13CCCCC%13)[CH]%117)[C-]%14%15[CH]%16=[CH]%17[CH]%18=C%14(C(N(C)C)C)[Fe+2]%19%20%21%22%17%18%16%15[CH]=%23[CH]%22=[CH]%21[CH-]%20[CH]%23%19	2393-23-9	NCC1=CC=C(OC)C=C1	149105-06-6	O=C(C1=CC=C(Br)C(C)=C1)N2CCOCC2	O=C(N1CCOCC1)C2=CC=C(C(C)=C2)NCC3=CC=C(OC)C=C3	0.7	2	0
p-OMeBnNH2-023	L-023	1481698-44-5	C1(N2C=CC=C2)=C(P(C3CCCCC3)C4CCCCC4)C=CC=C1	2393-23-9	NCC1=CC=C(OC)C=C1	149105-06-6	O=C(C1=CC=C(Br)C(C)=C1)N2CCOCC2	O=C(N1CCOCC1)C2=CC=C(C(C)=C2)NCC3=CC=C(OC)C=C3	2.7	1	0
p-OMeBnNH2-024	L-024	434336-16-0	C1(P(C2CCCCC2)C3CCCCC3)=C(OC4=C(P(C5CCCCC5)C6CCCCC6)C=CC=C4)C=CC=C1	2393-23-9	NCC1=CC=C(OC)C=C1	149105-06-6	O=C(C1=CC=C(Br)C(C)=C1)N2CCOCC2	O=C(N1CCOCC1)C2=CC=C(C(C)=C2)NCC3=CC=C(OC)C=C3	2.1	2	0
p-OMeBnNH2-025	L-025	12150-46-8	C=1C=CC(=CC1)P(C=2C=CC=CC2)[C-]34[CH]5=[CH]6[CH]7=[CH]3[Fe+2]6789%10%1154[CH]=%12[CH]%11=[CH]%10[C-]9(P(C=%13C=CC=CC%13)C=%14C=CC=CC%14)[CH]%128	2393-23-9	NCC1=CC=C(OC)C=C1	149105-06-6	O=C(C1=CC=C(Br)C(C)=C1)N2CCOCC2	O=C(N1CCOCC1)C2=CC=C(C(C)=C2)NCC3=CC=C(OC)C=C3	6.5	2	0
p-OMeBnNH2-026	L-026	166330-10-5	C1(P(C2=CC=CC=C2)C3=CC=CC=C3)=C(OC4=C(P(C5=CC=CC=C5)C6=CC=CC=C6)C=CC=C4)C=CC=C1	2393-23-9	NCC1=CC=C(OC)C=C1	149105-06-6	O=C(C1=CC=C(Br)C(C)=C1)N2CCOCC2	O=C(N1CCOCC1)C2=CC=C(C(C)=C2)NCC3=CC=C(OC)C=C3	7	2	0
p-OMeBnNH2-027	L-027	161265-03-8	CC1(C)C2=C(C(P(C3=CC=CC=C3)C4=CC=CC=C4)=CC=C2)OC5=C(P(C6=CC=CC=C6)C7=CC=CC=C7)C=CC=C51	2393-23-9	NCC1=CC=C(OC)C=C1	149105-06-6	O=C(C1=CC=C(Br)C(C)=C1)N2CCOCC2	O=C(N1CCOCC1)C2=CC=C(C(C)=C2)NCC3=CC=C(OC)C=C3	3.6	2	0
p-OMeBnNH2-028	L-028	856405-77-1	CC1(C)C2=C(C(P(C(C)(C)C)C(C)(C)C)=CC=C2)OC3=C(P(C(C)(C)C)C(C)(C)C)C=CC=C31	2393-23-9	NCC1=CC=C(OC)C=C1	149105-06-6	O=C(C1=CC=C(Br)C(C)=C1)N2CCOCC2	O=C(N1CCOCC1)C2=CC=C(C(C)=C2)NCC3=CC=C(OC)C=C3	1.1	2	0
p-OMeBnNH2-029	L-029	1355318-32-9	CC(C)C(C=C1C(C)C)=CC(C(C)C)=C1C2=CC=CC=C2P3C(C)(C)CCCCC3(C)C	2393-23-9	NCC1=CC=C(OC)C=C1	149105-06-6	O=C(C1=CC=C(Br)C(C)=C1)N2CCOCC2	O=C(N1CCOCC1)C2=CC=C(C(C)=C2)NCC3=CC=C(OC)C=C3	6.1	1	1
p-OMeBnNH2-030	L-030	603-35-0	P(C1=CC=CC=C1)(C2=CC=CC=C2)C3=CC=CC=C3	2393-23-9	NCC1=CC=C(OC)C=C1	149105-06-6	O=C(C1=CC=C(Br)C(C)=C1)N2CCOCC2	O=C(N1CCOCC1)C2=CC=C(C(C)=C2)NCC3=CC=C(OC)C=C3	0	1	0
p-OMeBnNH2-031	L-031	1355318-15-8	CC1(C)CC2(OCCO2)CC(C)(C)P1C3=CC=CC=C3C4=C(C=CC=C5)C5=CC=C4	2393-23-9	NCC1=CC=C(OC)C=C1	149105-06-6	O=C(C1=CC=C(Br)C(C)=C1)N2CCOCC2	O=C(N1CCOCC1)C2=CC=C(C(C)=C2)NCC3=CC=C(OC)C=C3	6.9	1	1
p-OMeBnNH2-032	L-032	1355318-14-7	CC1(C)CC2(OCCO2)CC(C)(C)P1C3=CC=C(C=CC=C4)C4=C3C5=C(C=CC=C6)C6=CC=C5OC	2393-23-9	NCC1=CC=C(OC)C=C1	149105-06-6	O=C(C1=CC=C(Br)C(C)=C1)N2CCOCC2	O=C(N1CCOCC1)C2=CC=C(C(C)=C2)NCC3=CC=C(OC)C=C3	7.9	1	1
p-OMeBnNH2-033	L-033	98327-87-8	C1(P(C2=CC=CC=C2)C3=CC=CC=C3)=CC=C(C=CC=C4)C4=C1C5=C(C=CC=C6)C6=CC=C5P(C7=CC=CC=C7)C8=CC=CC=C8	2393-23-9	NCC1=CC=C(OC)C=C1	149105-06-6	O=C(C1=CC=C(Br)C(C)=C1)N2CCOCC2	O=C(N1CCOCC1)C2=CC=C(C(C)=C2)NCC3=CC=C(OC)C=C3	7.7	2	0
p-OMeBnNH2-034	L-034	158923-11-6	C[C@@]([H])(P(C(C)(C)C)C(C)(C)C)c1cccc1P(C2CCCCC2)C3CCCCC3.[][Fe][].c4cccc4	2393-23-9	NCC1=CC=C(OC)C=C1	149105-06-6	O=C(C1=CC=C(Br)C(C)=C1)N2CCOCC2	O=C(N1CCOCC1)C2=CC=C(C(C)=C2)NCC3=CC=C(OC)C=C3	8.8	2	0
p-OMeBnNH2-035	L-035	1810068-30-4	CN(C)C1=CC=CC(N(C)C)=C1C2=C(P(C3=CC(C(F)(F)F)=CC(C(F)(F)F)=C3)C4=CC(C(F)(F)F)=CC(C(F)(F)F)=C4)C(OC)=CC=C2OC	2393-23-9	NCC1=CC=C(OC)C=C1	149105-06-6	O=C(C1=CC=C(Br)C(C)=C1)N2CCOCC2	O=C(N1CCOCC1)C2=CC=C(C(C)=C2)NCC3=CC=C(OC)C=C3	7	1	1
p-OMeBnNH2-036	L-036	6737-42-4	P(CCCP(C1=CC=CC=C1)C2=CC=CC=C2)(C3=CC=CC=C3)C4=CC=CC=C4	2393-23-9	NCC1=CC=C(OC)C=C1	149105-06-6	O=C(C1=CC=C(Br)C(C)=C1)N2CCOCC2	O=C(N1CCOCC1)C2=CC=C(C(C)=C2)NCC3=CC=C(OC)C=C3	4.8	2	0
p-OMeBnNH2-037	L-037	1355318-07-8	CC1(C)CC2(OCCO2)CC(C)(C)P1C3=CC=CC=C3C4=C(N(C)C)C=CC=C4OC	2393-23-9	NCC1=CC=C(OC)C=C1	149105-06-6	O=C(C1=CC=C(Br)C(C)=C1)N2CCOCC2	O=C(N1CCOCC1)C2=CC=C(C(C)=C2)NCC3=CC=C(OC)C=C3	6.7	1	1
p-OMeBnNH2-038	L-038	2380310-04-1	CC(C)C(C=C1C(C)C)=CC(C(C)C)=C1C2=C(OC)C=CC(OC)=C2P3C(C)(C)CC4(OCCO4)CC35CCCCC5	2393-23-9	NCC1=CC=C(OC)C=C1	149105-06-6	O=C(C1=CC=C(Br)C(C)=C1)N2CCOCC2	O=C(N1CCOCC1)C2=CC=C(C(C)=C2)NCC3=CC=C(OC)C=C3	6.1	1	1
p-OMeBnNH2-039	L-039	1447963-71-4	CN(C)C(C=CC=C1N(C)C)=C1C2=C(P(C3=CC=CC=C3)C4=CC=CC=C4)C=CC=C2	2393-23-9	NCC1=CC=C(OC)C=C1	149105-06-6	O=C(C1=CC=C(Br)C(C)=C1)N2CCOCC2	O=C(N1CCOCC1)C2=CC=C(C(C)=C2)NCC3=CC=C(OC)C=C3	7.5	1	1
p-OMeBnNH2-040	L-040	1660153-91-2	CN(C)C(C=CC=C1N(C)C)=C1C2=C(P(C(C)(C)C)C3=CC=CC=C3)C=CC=C2	2393-23-9	NCC1=CC=C(OC)C=C1	149105-06-6	O=C(C1=CC=C(Br)C(C)=C1)N2CCOCC2	O=C(N1CCOCC1)C2=CC=C(C(C)=C2)NCC3=CC=C(OC)C=C3	8.5	1	1
p-OMeBnNH2-041	L-041	97239-80-0	P(C(C)C)(C(C)C)[C-]12[CH]3=[CH]4[CH]5=[CH]1[Fe+2]45678932[CH]=%10[CH]9=[CH]8[C-]7(P(C(C)C)C(C)C)[CH]%106	2393-23-9	NCC1=CC=C(OC)C=C1	149105-06-6	O=C(C1=CC=C(Br)C(C)=C1)N2CCOCC2	O=C(N1CCOCC1)C2=CC=C(C(C)=C2)NCC3=CC=C(OC)C=C3	6.2	2	0
p-OMeBnNH2-042	L-042	121954-50-5	CC(C)(C)P(C(C)(C)C)CC1=C(CP(C(C)(C)C)C(C)(C)C)C=CC=C1	2393-23-9	NCC1=CC=C(OC)C=C1	149105-06-6	O=C(C1=CC=C(Br)C(C)=C1)N2CCOCC2	O=C(N1CCOCC1)C2=CC=C(C(C)=C2)NCC3=CC=C(OC)C=C3	1.1	2	0
p-OMeBnNH2-043	L-043	364732-88-7	C1(P(C2=CC=CC=C2)C3=CC=CC=C3)=CC(CC4)=CC=C1CCC5=CC=C4C(P(C6=CC=CC=C6)C7=CC=CC=C7)=C5	2393-23-9	NCC1=CC=C(OC)C=C1	149105-06-6	O=C(C1=CC=C(Br)C(C)=C1)N2CCOCC2	O=C(N1CCOCC1)C2=CC=C(C(C)=C2)NCC3=CC=C(OC)C=C3	6.7	2	0
p-OMeBnNH2-044	L-044	7688-25-7	P(CCCCP(C1=CC=CC=C1)C2=CC=CC=C2)(C3=CC=CC=C3)C4=CC=CC=C4	2393-23-9	NCC1=CC=C(OC)C=C1	149105-06-6	O=C(C1=CC=C(Br)C(C)=C1)N2CCOCC2	O=C(N1CCOCC1)C2=CC=C(C(C)=C2)NCC3=CC=C(OC)C=C3	3.6	2	0
p-OMeBnNH2-045	L-045	5518-52-5	P(C1=CC=CO1)(C2=CC=CO2)C3=CC=CO3	2393-23-9	NCC1=CC=C(OC)C=C1	149105-06-6	O=C(C1=CC=C(Br)C(C)=C1)N2CCOCC2	O=C(N1CCOCC1)C2=CC=C(C(C)=C2)NCC3=CC=C(OC)C=C3	0.5	1	0
p-OMeBnNH2-046	L-046	6163-58-2	CC1=C(P(C2=C(C)C=CC=C2)C3=C(C)C=CC=C3)C=CC=C1	2393-23-9	NCC1=CC=C(OC)C=C1	149105-06-6	O=C(C1=CC=C(Br)C(C)=C1)N2CCOCC2	O=C(N1CCOCC1)C2=CC=C(C(C)=C2)NCC3=CC=C(OC)C=C3	1.3	1	0
p-OMeBnNH2-047	L-047	1440435-00-6	[C]1N(C=CN1C=2C(=CC=CC2C(CC)CC)C(CC)CC)C=3C(=CC=CC3C(CC)CC)C(CC)CC	2393-23-9	NCC1=CC=C(OC)C=C1	149105-06-6	O=C(C1=CC=C(Br)C(C)=C1)N2CCOCC2	O=C(N1CCOCC1)C2=CC=C(C(C)=C2)NCC3=CC=C(OC)C=C3	2.2	0	0
p-OMeBnNH2-048	L-048	244187-81-3	[C]1N(C=CN1C=2C(=CC=CC2C(C)C)C(C)C)C=3C(=CC=CC3C(C)C)C(C)C	2393-23-9	NCC1=CC=C(OC)C=C1	149105-06-6	O=C(C1=CC=C(Br)C(C)=C1)N2CCOCC2	O=C(N1CCOCC1)C2=CC=C(C(C)=C2)NCC3=CC=C(OC)C=C3	0	0	0
p-OMeBnNH2-049	L-049	908293-85-6	CC(P(C1=C(C2=C(C=CC=C3)C3=CC=C2OCC4=CC=CC=C4)C5=CC=CC=C5C=C1)C(C)(C)C)(C)C	2393-23-9	NCC1=CC=C(OC)C=C1	149105-06-6	O=C(C1=CC=C(Br)C(C)=C1)N2CCOCC2	O=C(N1CCOCC1)C2=CC=C(C(C)=C2)NCC3=CC=C(OC)C=C3	10.3	1	1
p-OMeBnNH2-050	L-050	1237588-12-3	C1(P([C@]23C[C@H]4C[C@H](C[C@H](C4)C3)C2)[C@]56C[C@H]7C[C@H](C[C@H](C7)C6)C5)=CC=CC=C1N8CCOCC8	2393-23-9	NCC1=CC=C(OC)C=C1	149105-06-6	O=C(C1=CC=C(Br)C(C)=C1)N2CCOCC2	O=C(N1CCOCC1)C2=CC=C(C(C)=C2)NCC3=CC=C(OC)C=C3	7.3	1	0
p-OMeBnNH2-051	L-051	1355318-14-7	COC1=CC=C2C(C=CC=C2)=C1C3=C(P4C(C)(C)CC5(OCCO5)CC4(C)C)C=CC6=CC=CC=C63	2393-23-9	NCC1=CC=C(OC)C=C1	149105-06-6	O=C(C1=CC=C(Br)C(C)=C1)N2CCOCC2	O=C(N1CCOCC1)C2=CC=C(C(C)=C2)NCC3=CC=C(OC)C=C3	7.8	1	1
p-OMeBnNH2-052	L-052	175136-62-6	FC(C1=CC(P(C2=CC(C(F)(F)F)=CC(C(F)(F)F)=C2)C3=CC(C(F)(F)F)=CC(C(F)(F)F)=C3)=CC(C(F)(F)F)=C1)(F)F	2393-23-9	NCC1=CC=C(OC)C=C1	149105-06-6	O=C(C1=CC=C(Br)C(C)=C1)N2CCOCC2	O=C(N1CCOCC1)C2=CC=C(C(C)=C2)NCC3=CC=C(OC)C=C3	1.7	1	0
p-OMeBnNH2-073	L-053	1021176-69-1	C1(P(C2CCCCC2)C3CCCCC3)=CC=NN1C4=C(C5=CC=CC=C5)N(C6=CC=CC=C6)N=C4C7=CC=CC=C7	2393-23-9	NCC1=CC=C(OC)C=C1	149105-06-6	O=C(C1=CC=C(Br)C(C)=C1)N2CCOCC2	O=C(N1CCOCC1)C2=CC=C(C(C)=C2)NCC3=CC=C(OC)C=C3	8.8	1	0
p-OMeBnNH2-074	L-054	2118959-55-8	CC(OC1=CC=CC(C2=C(C(C)C)C=C(C(C)C)C=C2C(C)C)=C1P(C3CCCCC3)C4CCCCC4)C	2393-23-9	NCC1=CC=C(OC)C=C1	149105-06-6	O=C(C1=CC=C(Br)C(C)=C1)N2CCOCC2	O=C(N1CCOCC1)C2=CC=C(C(C)=C2)NCC3=CC=C(OC)C=C3	2.1	1	1
p-OMeBnNH2-075	L-055	742103-27-1	CC1(P(C(C)(C)C)C(C)(C)C)C(C2=CC=CC=C2)(C3=CC=CC=C3)C1	2393-23-9	NCC1=CC=C(OC)C=C1	149105-06-6	O=C(C1=CC=C(Br)C(C)=C1)N2CCOCC2	O=C(N1CCOCC1)C2=CC=C(C(C)=C2)NCC3=CC=C(OC)C=C3	6	1	0
p-OMeBnNH2-076	L-056	84680-95-5	CC(P([C-]12[CH]3=[CH]4[CH]5=[CH]1[Fe+2]45326789[CH]%10=[CH]6[C-]7(P(C(C)(C)C)C(C)(C)C)[CH]8=[CH]%109)C(C)(C)C)(C)C	2393-23-9	NCC1=CC=C(OC)C=C1	149105-06-6	O=C(C1=CC=C(Br)C(C)=C1)N2CCOCC2	O=C(N1CCOCC1)C2=CC=C(C(C)=C2)NCC3=CC=C(OC)C=C3	1.2	2	0
p-OMeBnNH2-053	L-057	255836-67-0	CC(P(C1=C(C2=C(C=CC=C3)C3=CC=C2)C4=CC=CC=C4C=C1)C(C)(C)C)(C)C	2393-23-9	NCC1=CC=C(OC)C=C1	149105-06-6	O=C(C1=CC=C(Br)C(C)=C1)N2CCOCC2	O=C(N1CCOCC1)C2=CC=C(C(C)=C2)NCC3=CC=C(OC)C=C3	7.6	1	1
p-OMeBnNH2-054	L-058	321921-71-5	CCCCP([C@]12C[C@H]3C[C@H](C[C@H](C3)C2)C1)[C@]45C[C@H]6C[C@H](C[C@H](C6)C5)C4	2393-23-9	NCC1=CC=C(OC)C=C1	149105-06-6	O=C(C1=CC=C(Br)C(C)=C1)N2CCOCC2	O=C(N1CCOCC1)C2=CC=C(C(C)=C2)NCC3=CC=C(OC)C=C3	24	1	0
p-OMeBnNH2-055	L-059	395116-70-8	C1(CP([C@]23C[C@H]4C[C@H](C[C@H](C4)C3)C2)[C@]56C[C@H]7C[C@H](C[C@H](C7)C6)C5)=CC=CC=C1	2393-23-9	NCC1=CC=C(OC)C=C1	149105-06-6	O=C(C1=CC=C(Br)C(C)=C1)N2CCOCC2	O=C(N1CCOCC1)C2=CC=C(C(C)=C2)NCC3=CC=C(OC)C=C3	9.2	1	0
p-OMeBnNH2-056	L-060	1023330-38-2	CC1(P(C2CCCCC2)C3CCCCC3)C(C4=CC=CC=C4)(C5=CC=CC=C5)C1	2393-23-9	NCC1=CC=C(OC)C=C1	149105-06-6	O=C(C1=CC=C(Br)C(C)=C1)N2CCOCC2	O=C(N1CCOCC1)C2=CC=C(C(C)=C2)NCC3=CC=C(OC)C=C3	6	1	0
p-OMeBnNH2-077	L-061	251320-86-2	CC1=CC=CC=C1C2=C(P(C3CCCCC3)C4CCCCC4)C=CC=C2	2393-23-9	NCC1=CC=C(OC)C=C1	149105-06-6	O=C(C1=CC=C(Br)C(C)=C1)N2CCOCC2	O=C(N1CCOCC1)C2=CC=C(C(C)=C2)NCC3=CC=C(OC)C=C3	1.8	1	1
p-OMeBnNH2-078	L-062	1810068-31-5	CC(OC1=CC=CC(OC(C)C)=C1C2=C(P(C3=CC(C(F)(F)F)=CC(C(F)(F)F)=C3)C4=CC(C(F)(F)F)=CC(C(F)(F)F)=C4)C(OC)=CC=C2OC)C	2393-23-9	NCC1=CC=C(OC)C=C1	149105-06-6	O=C(C1=CC=C(Br)C(C)=C1)N2CCOCC2	O=C(N1CCOCC1)C2=CC=C(C(C)=C2)NCC3=CC=C(OC)C=C3	7.1	1	1
p-OMeBnNH2-079	L-063	1355318-27-2	CC1(C)CCCC(C)(C)P1C2=C(N3C=CC=C3)C=CC=C2	2393-23-9	NCC1=CC=C(OC)C=C1	149105-06-6	O=C(C1=CC=C(Br)C(C)=C1)N2CCOCC2	O=C(N1CCOCC1)C2=CC=C(C(C)=C2)NCC3=CC=C(OC)C=C3	6.7	1	0
p-OMeBnNH2-080	L-064	1663-45-2	P(CCP(C1=CC=CC=C1)C2=CC=CC=C2)(C3=CC=CC=C3)C4=CC=CC=C4	2393-23-9	NCC1=CC=C(OC)C=C1	149105-06-6	O=C(C1=CC=C(Br)C(C)=C1)N2CCOCC2	O=C(N1CCOCC1)C2=CC=C(C(C)=C2)NCC3=CC=C(OC)C=C3	0	2	0
p-OMeBnNH2-057	L-065	224311-51-7	CC(P(C1=CC=CC=C1C2=CC=CC=C2)C(C)(C)C)(C)C	2393-23-9	NCC1=CC=C(OC)C=C1	149105-06-6	O=C(C1=CC=C(Br)C(C)=C1)N2CCOCC2	O=C(N1CCOCC1)C2=CC=C(C(C)=C2)NCC3=CC=C(OC)C=C3	7.8	1	1
p-OMeBnNH2-058	L-066	507233-67-2	CC1(O2)CC(O3)(C)OC2(C)CC3(C)P1CCCCCCCCCCCCCC	2393-23-9	NCC1=CC=C(OC)C=C1	149105-06-6	O=C(C1=CC=C(Br)C(C)=C1)N2CCOCC2	O=C(N1CCOCC1)C2=CC=C(C(C)=C2)NCC3=CC=C(OC)C=C3	1.8	1	0
p-OMeBnNH2-059	L-067	1805783-60-1	CC(C)C1=C(C2=C(F)C(F)=C(CCCC)C(F)=C2F)C(C(C)C)=CC(C(C)C)=C1C3=CC=CC(OC)=C3P([C@]45C[C@H]6C[C@H](C[C@H](C6)C5)C4)[C@]78C[C@H]9C[C@H](C[C@H](C9)C8)C7	2393-23-9	NCC1=CC=C(OC)C=C1	149105-06-6	O=C(C1=CC=C(Br)C(C)=C1)N2CCOCC2	O=C(N1CCOCC1)C2=CC=C(C(C)=C2)NCC3=CC=C(OC)C=C3	2.6	1	1
p-OMeBnNH2-060	L-068	13406-29-6	FC(C(C=C1)=CC=C1P(C2=CC=C(C(F)(F)F)C=C2)C3=CC=C(C(F)(F)F)C=C3)(F)F	2393-23-9	NCC1=CC=C(OC)C=C1	149105-06-6	O=C(C1=CC=C(Br)C(C)=C1)N2CCOCC2	O=C(N1CCOCC1)C2=CC=C(C(C)=C2)NCC3=CC=C(OC)C=C3	5.9	1	0
p-OMeBnNH2-081	L-069	1308652-64-3	C1(P(C2CCCCC2)C3CCCCC3)=C(N4C(C=CC=C5)=C5C6=C4C=CC=C6)C=CC=C1	2393-23-9	NCC1=CC=C(OC)C=C1	149105-06-6	O=C(C1=CC=C(Br)C(C)=C1)N2CCOCC2	O=C(N1CCOCC1)C2=CC=C(C(C)=C2)NCC3=CC=C(OC)C=C3	7.2	1	0
p-OMeBnNH2-082	L-070	1160861-60-8	CC(C)C(C=C(C(C)C)C=C1C(C)C)=C1C2=C(P(C3=CC(C(F)(F)F)=CC(C(F)(F)F)=C3)C4=CC(C(F)(F)F)=CC(C(F)(F)F)=C4)C(OC)=CC=C2OC	2393-23-9	NCC1=CC=C(OC)C=C1	149105-06-6	O=C(C1=CC=C(Br)C(C)=C1)N2CCOCC2	O=C(N1CCOCC1)C2=CC=C(C(C)=C2)NCC3=CC=C(OC)C=C3	7.2	1	1
p-OMeBnNH2-083	L-071		CCC1(CC)CC2(OCCO2)CC(CC)(CC)P1C3=C(C4=C(C(C)C)C=C(C(C)C)C=C4C(C)C)C=CC=C3	2393-23-9	NCC1=CC=C(OC)C=C1	149105-06-6	O=C(C1=CC=C(Br)C(C)=C1)N2CCOCC2	O=C(N1CCOCC1)C2=CC=C(C(C)=C2)NCC3=CC=C(OC)C=C3	5.6	1	1
p-OMeBnNH2-084	L-072	150111-89-0	CC(P(CCCCP(C(C)(C)C)C(C)(C)C)C(C)(C)C)(C)C	2393-23-9	NCC1=CC=C(OC)C=C1	149105-06-6	O=C(C1=CC=C(Br)C(C)=C1)N2CCOCC2	O=C(N1CCOCC1)C2=CC=C(C(C)=C2)NCC3=CC=C(OC)C=C3	1.3	2	0
p-OMeBnNH2-061	L-073	894086-00-1	CC(P(C1=CC=NN1C2=C(C3=CC=CC=C3)N(C4=CC=CC=C4)N=C2C5=CC=CC=C5)C(C)(C)C)(C)C	2393-23-9	NCC1=CC=C(OC)C=C1	149105-06-6	O=C(C1=CC=C(Br)C(C)=C1)N2CCOCC2	O=C(N1CCOCC1)C2=CC=C(C(C)=C2)NCC3=CC=C(OC)C=C3	6.5	1	0
p-OMeBnNH2-062	L-074	2565981-02-2	CC(C)C1=CC(C(C)C)=CC(C(C)C)=C1C2=CC=CC(OC)=C2P3C(C)(C4=CC=CC=C4)CC5(OCCO5)CC3(C)C	2393-23-9	NCC1=CC=C(OC)C=C1	149105-06-6	O=C(C1=CC=C(Br)C(C)=C1)N2CCOCC2	O=C(N1CCOCC1)C2=CC=C(C(C)=C2)NCC3=CC=C(OC)C=C3	6.8	1	1
p-OMeBnNH2-063	L-075	1355318-16-9	CC1(C)CC2(OCCO2)CC(C)(C3=CC=CC=C3)P1C4=CC=CC=C4C5=CC(C=CC=C6)=C6C=C5	2393-23-9	NCC1=CC=C(OC)C=C1	149105-06-6	O=C(C1=CC=C(Br)C(C)=C1)N2CCOCC2	O=C(N1CCOCC1)C2=CC=C(C(C)=C2)NCC3=CC=C(OC)C=C3	3.7	1	1
p-OMeBnNH2-064	L-076	91608-15-0	COC(C=C1OC)=CC(OC)=C1P(C2=C(OC)C=C(OC)C=C2OC)C3=C(OC)C=C(OC)C=C3OC	2393-23-9	NCC1=CC=C(OC)C=C1	149105-06-6	O=C(C1=CC=C(Br)C(C)=C1)N2CCOCC2	O=C(N1CCOCC1)C2=CC=C(C(C)=C2)NCC3=CC=C(OC)C=C3	3.8	1	0
p-OMeBnNH2-085	L-077		CC(C)C1=CC(C(C)C)=CC(C(C)C)=C1C2=C(OC)C=CC(OC)=C2P3C(C)(C4=CC=CC=C4)CC5(OCCO5)CC3(C)C	2393-23-9	NCC1=CC=C(OC)C=C1	149105-06-6	O=C(C1=CC=C(Br)C(C)=C1)N2CCOCC2	O=C(N1CCOCC1)C2=CC=C(C(C)=C2)NCC3=CC=C(OC)C=C3	3.6	1	1
p-OMeBnNH2-086	L-078	2565981-01-1	CC(C1=CC(C(C)C)=CC(C(C)C)=[C@@]1[C@@]2=C(C=CC(OC)=C2P3[C@@](CC4(C[C@@]3([H])C)OCCO4)([H])C)OC)C	2393-23-9	NCC1=CC=C(OC)C=C1	149105-06-6	O=C(C1=CC=C(Br)C(C)=C1)N2CCOCC2	O=C(N1CCOCC1)C2=CC=C(C(C)=C2)NCC3=CC=C(OC)C=C3	6.7	1	1
p-OMeBnNH2-087	L-079	224311-49-3	CN(C)C(C=CC=C1)=C1C2=CC=CC=C2P(C(C)(C)C)C(C)(C)C	2393-23-9	NCC1=CC=C(OC)C=C1	149105-06-6	O=C(C1=CC=C(Br)C(C)=C1)N2CCOCC2	O=C(N1CCOCC1)C2=CC=C(C(C)=C2)NCC3=CC=C(OC)C=C3	13.2	1	1
p-OMeBnNH2-088	L-080	65038-36-0	P(CCCCP(C1CCCCC1)C2CCCCC2)(C3CCCCC3)C4CCCCC4	2393-23-9	NCC1=CC=C(OC)C=C1	149105-06-6	O=C(C1=CC=C(Br)C(C)=C1)N2CCOCC2	O=C(N1CCOCC1)C2=CC=C(C(C)=C2)NCC3=CC=C(OC)C=C3	2.1	2	0
p-OMeBnNH2-065	L-081	740815-37-6	CC(P(C1=CC(C=CC=C2)=C2N1C3=CC=CC=C3)C(C)(C)C)(C)C	2393-23-9	NCC1=CC=C(OC)C=C1	149105-06-6	O=C(C1=CC=C(Br)C(C)=C1)N2CCOCC2	O=C(N1CCOCC1)C2=CC=C(C(C)=C2)NCC3=CC=C(OC)C=C3	3.9	1	0
p-OMeBnNH2-066	L-082	2197989-24-3	COC1=CC=C(OC)C(C2=C(C(C)C)C=C(C(C)C)C=C2C(C)C)=C1P(C34C[C@H]5C[C@H](C[C@H](C5)C4)C3)C6CCCCC6	2393-23-9	NCC1=CC=C(OC)C=C1	149105-06-6	O=C(C1=CC=C(Br)C(C)=C1)N2CCOCC2	O=C(N1CCOCC1)C2=CC=C(C(C)=C2)NCC3=CC=C(OC)C=C3	0	1	1
p-OMeBnNH2-067	L-083	2380310-05-2	CC1=CC=C(OC)C(P2C(C)(C)CC3(OCCO3)CC24CCCCC4)=C1C5=C(C(C)C)C=C(C(C)C)C=C5C(C)C	2393-23-9	NCC1=CC=C(OC)C=C1	149105-06-6	O=C(C1=CC=C(Br)C(C)=C1)N2CCOCC2	O=C(N1CCOCC1)C2=CC=C(C(C)=C2)NCC3=CC=C(OC)C=C3	2.6	1	1
p-OMeBnNH2-068	L-084	4731-65-1	COC(C=CC=C1)=C1P(C2=C(OC)C=CC=C2)C3=C(OC)C=CC=C3	2393-23-9	NCC1=CC=C(OC)C=C1	149105-06-6	O=C(C1=CC=C(Br)C(C)=C1)N2CCOCC2	O=C(N1CCOCC1)C2=CC=C(C(C)=C2)NCC3=CC=C(OC)C=C3	0	1	0
p-OMeBnNH2-089	L-085	149341-33-3	C12=CC=CC=C1C(C3=NC=CC4=C3C=CC=C4)=C(P(C5=CC=CC=C5)C6=CC=CC=C6)C=C2	2393-23-9	NCC1=CC=C(OC)C=C1	149105-06-6	O=C(C1=CC=C(Br)C(C)=C1)N2CCOCC2	O=C(N1CCOCC1)C2=CC=C(C(C)=C2)NCC3=CC=C(OC)C=C3	6.6	1	1
p-OMeBnNH2-090	L-086	2565981-07-7	CN(C)C(C=CC=C1N(C)C)=C1C2=C(OC)C=CC(OC)=C2P3C(C4=CC=CC=C4)CC5(OCCO5)CC3C6=CC=CC=C6	2393-23-9	NCC1=CC=C(OC)C=C1	149105-06-6	O=C(C1=CC=C(Br)C(C)=C1)N2CCOCC2	O=C(N1CCOCC1)C2=CC=C(C(C)=C2)NCC3=CC=C(OC)C=C3	2.3	1	1
p-OMeBnNH2-091	L-087	2489243-29-8	COC1=CC=C(OC(C)(C)C)C(P(C2CCCCC2)C3CCCCC3)=C1C4=C(C(C)C)C=CC=C4C(C)C	2393-23-9	NCC1=CC=C(OC)C=C1	149105-06-6	O=C(C1=CC=C(Br)C(C)=C1)N2CCOCC2	O=C(N1CCOCC1)C2=CC=C(C(C)=C2)NCC3=CC=C(OC)C=C3	4.3	1	1
p-OMeBnNH2-092	L-088	261733-18-0	C1(P(C2=CC=CC=C2)C3=CC=CC=C3)=C(OC(C(P(C4=CC=CC=C4)C5=CC=CC=C5)=CC=C6)=C6N7)C7=CC=C1	2393-23-9	NCC1=CC=C(OC)C=C1	149105-06-6	O=C(C1=CC=C(Br)C(C)=C1)N2CCOCC2	O=C(N1CCOCC1)C2=CC=C(C(C)=C2)NCC3=CC=C(OC)C=C3	0.6	2	0
p-OMeBnNH2-069	L-089	255837-19-5	CC(C=CC=C1)=C1C2=CC=CC=C2P(C(C)(C)C)C(C)(C)C	2393-23-9	NCC1=CC=C(OC)C=C1	149105-06-6	O=C(C1=CC=C(Br)C(C)=C1)N2CCOCC2	O=C(N1CCOCC1)C2=CC=C(C(C)=C2)NCC3=CC=C(OC)C=C3	5.3	1	1
p-OMeBnNH2-070	L-090	111982-81-1	C1(CP(C2=CC=CC=C2)C3=CC=CC=C3)=C(C4=CC=CC=C4CP(C5=CC=CC=C5)C6=CC=CC=C6)C=CC=C1	2393-23-9	NCC1=CC=C(OC)C=C1	149105-06-6	O=C(C1=CC=C(Br)C(C)=C1)N2CCOCC2	O=C(N1CCOCC1)C2=CC=C(C(C)=C2)NCC3=CC=C(OC)C=C3	6.1	2	0
p-OMeBnNH2-071	L-091	2380310-03-0	CC(CC1(OCCO1)CC23CCCCC3)(C)P2C4=C(C5=C(C(C)C)C=C(C(C)C)C=C5C(C)C)C=CC=C4OC	2393-23-9	NCC1=CC=C(OC)C=C1	149105-06-6	O=C(C1=CC=C(Br)C(C)=C1)N2CCOCC2	O=C(N1CCOCC1)C2=CC=C(C(C)=C2)NCC3=CC=C(OC)C=C3	4.6	1	1
p-OMeBnNH2-072	L-092	164858-78-0	CC(C)[C@H](CO1)N=C1C2=C(P(C3=CC=CC=C3)C4=CC=CC=C4)C=CC=C2	2393-23-9	NCC1=CC=C(OC)C=C1	149105-06-6	O=C(C1=CC=C(Br)C(C)=C1)N2CCOCC2	O=C(N1CCOCC1)C2=CC=C(C(C)=C2)NCC3=CC=C(OC)C=C3	0	1	0
p-OMeBnNH2-093	L-093	53597-69-6	N12CN3CN(C2)CP(C3)C1	2393-23-9	NCC1=CC=C(OC)C=C1	149105-06-6	O=C(C1=CC=C(Br)C(C)=C1)N2CCOCC2	O=C(N1CCOCC1)C2=CC=C(C(C)=C2)NCC3=CC=C(OC)C=C3	0	1	0
p-OMeBnNH2-094	L-094	2565981-08-8	CC(C)C(C=C(C(C)C)C=C1C(C)C)=C1C2=CC=CC(OC)=C2P3C(C4=CC=CC=C4)CC5(OCCO5)CC3C6=CC=CC=C6	2393-23-9	NCC1=CC=C(OC)C=C1	149105-06-6	O=C(C1=CC=C(Br)C(C)=C1)N2CCOCC2	O=C(N1CCOCC1)C2=CC=C(C(C)=C2)NCC3=CC=C(OC)C=C3	7.5	1	1
p-OMeBnNH2-095	L-095	1160861-59-5	CC(C)C1=CC(C(C)C)=CC(C(C)C)=C1C2=C(P([C@]34C[C@H]5C[C@H](C[C@H](C5)C4)C3)[C@]67C[C@H]8C[C@H](C[C@H](C8)C7)C6)C(OC)=CC=C2OC	2393-23-9	NCC1=CC=C(OC)C=C1	149105-06-6	O=C(C1=CC=C(Br)C(C)=C1)N2CCOCC2	O=C(N1CCOCC1)C2=CC=C(C(C)=C2)NCC3=CC=C(OC)C=C3	5.4	1	1
p-OMeBnNH2-096	L-096	866081-62-1	CP(C(C)(C)C)C1=NC2=CC=CC=C2N=C1P(C(C)(C)C)C	2393-23-9	NCC1=CC=C(OC)C=C1	149105-06-6	O=C(C1=CC=C(Br)C(C)=C1)N2CCOCC2	O=C(N1CCOCC1)C2=CC=C(C(C)=C2)NCC3=CC=C(OC)C=C3	2.2	2	0
p-OMeBnNH2-097	L-097	2565981-08-8	COC1=C([P@@]2[C@@H](C3=CC=CC=C3)CC4(OCCO4)C[C@H]2C5=CC=CC=C5)C(C6=C(C(C)C)C=C(C(C)C)C=C6C(C)C)=CC=C1	2393-23-9	NCC1=CC=C(OC)C=C1	149105-06-6	O=C(C1=CC=C(Br)C(C)=C1)N2CCOCC2	O=C(N1CCOCC1)C2=CC=C(C(C)=C2)NCC3=CC=C(OC)C=C3	9.7	1	1
p-OMeBnNH2-098	L-098		COC1=C([P@@]2[C@@H](C3=CC=CC=C3)CC4(OCCO4)C[C@H]2C5=CC=CC=C5)C(C6=C(C(C)C)C=C(C(C)C)C=C6C(C)C)=C(OC)C=C1	2393-23-9	NCC1=CC=C(OC)C=C1	149105-06-6	O=C(C1=CC=C(Br)C(C)=C1)N2CCOCC2	O=C(N1CCOCC1)C2=CC=C(C(C)=C2)NCC3=CC=C(OC)C=C3	16.6	1	1
p-OMeBnNH2-099	L-099		CN(C)C1=C(C2=C(OC)C=CC(OC)=C2[P@@]3[C@@H](C4=CC=CC=C4)CC5(OCCO5)C[C@H]3C6=CC=CC=C6)C(N(C)C)=CC=C1	2393-23-9	NCC1=CC=C(OC)C=C1	149105-06-6	O=C(C1=CC=C(Br)C(C)=C1)N2CCOCC2	O=C(N1CCOCC1)C2=CC=C(C(C)=C2)NCC3=CC=C(OC)C=C3	5.3	1	1
p-OMeBnNH2-100	L-100		CN(C)C1=C(C2=C(OC)C=CC(OC)=C2[P@@]3[C@@H](C4=CC=CC=C4)CC5(OCCO5)C[C@H]3C6=CC=CC=C6)C=CC=C1	2393-23-9	NCC1=CC=C(OC)C=C1	149105-06-6	O=C(C1=CC=C(Br)C(C)=C1)N2CCOCC2	O=C(N1CCOCC1)C2=CC=C(C(C)=C2)NCC3=CC=C(OC)C=C3	7.4	1	1
p-OMeBnNH2-101	L-101		COC1=C([P@@]2[C@@H](C3=CC=C(OC)C=C3)CC4(OCCO4)C[C@H]2C5=CC=C(OC)C=C5)C(C6=C(C(C)C)C=C(C(C)C)C=C6C(C)C)=C(OC)C=C1	2393-23-9	NCC1=CC=C(OC)C=C1	149105-06-6	O=C(C1=CC=C(Br)C(C)=C1)N2CCOCC2	O=C(N1CCOCC1)C2=CC=C(C(C)=C2)NCC3=CC=C(OC)C=C3	19.8	1	1
p-OMeBnNH2-102	L-102		COC1=C([P@@]2[C@@H](C3=CC=C(C(F)(F)F)C=C3)CC4(OCCO4)C[C@H]2C5=CC=C(C(F)(F)F)C=C5)C(C6=C(C(C)C)C=C(C(C)C)C=C6C(C)C)=C(OC)C=C1	2393-23-9	NCC1=CC=C(OC)C=C1	149105-06-6	O=C(C1=CC=C(Br)C(C)=C1)N2CCOCC2	O=C(N1CCOCC1)C2=CC=C(C(C)=C2)NCC3=CC=C(OC)C=C3	37.7	1	1
p-OMeBnNH2-103	L-103		C[C@@H](CC1(OCCO1)C[C@H]2C)[P@]2C3=C(OC)C=CC(OC)=C3C4=C(C(C)C)C=C(C(C)C)C=C4C(C)C	2393-23-9	NCC1=CC=C(OC)C=C1	149105-06-6	O=C(C1=CC=C(Br)C(C)=C1)N2CCOCC2	O=C(N1CCOCC1)C2=CC=C(C(C)=C2)NCC3=CC=C(OC)C=C3	5.3	1	1
p-OMeBnNH2-104	L-104		CC1(C)CC2(OCCO2)CC(C3=CC=CC=C3)(C4=CC=CC=C4)[P@]1C5=C(OC)C=CC=C5C6=C(C(C)C)C=C(C(C)C)C=C6C(C)C	2393-23-9	NCC1=CC=C(OC)C=C1	149105-06-6	O=C(C1=CC=C(Br)C(C)=C1)N2CCOCC2	O=C(N1CCOCC1)C2=CC=C(C(C)=C2)NCC3=CC=C(OC)C=C3	2.9	1	1
p-OMeBnNH2-105	L-105		CN(C)C1=C(C2=C(OC)C=CC(OC)=C2P3C(C)(C)CC(OC)CC3(C4=CC=CC=C4)C5=CC=CC=C5)C=CC=C1	2393-23-9	NCC1=CC=C(OC)C=C1	149105-06-6	O=C(C1=CC=C(Br)C(C)=C1)N2CCOCC2	O=C(N1CCOCC1)C2=CC=C(C(C)=C2)NCC3=CC=C(OC)C=C3	0	1	1
p-OMeBnNH2-106	L-106		CC(CC1(OCCO1)CC23CCCCC3)(C)[P@]2C4=C(OCC5=CC=C(C(F)(F)F)C=C5)C=CC=C4C6=C(C(C)C)C=C(C(C)C)C=C6C(C)C	2393-23-9	NCC1=CC=C(OC)C=C1	149105-06-6	O=C(C1=CC=C(Br)C(C)=C1)N2CCOCC2	O=C(N1CCOCC1)C2=CC=C(C(C)=C2)NCC3=CC=C(OC)C=C3	4.6	1	1
p-OMeBnNH2-107	L-107		CC(C1=CC(C(C)C)=CC(C(C)C)=C1C2=CC=CC(OCC3=CC=C(C(F)(F)F)C=C3)=C2P4C5(CCCCC5)CC6(OCCO6)CC47CCCCC7)C	2393-23-9	NCC1=CC=C(OC)C=C1	149105-06-6	O=C(C1=CC=C(Br)C(C)=C1)N2CCOCC2	O=C(N1CCOCC1)C2=CC=C(C(C)=C2)NCC3=CC=C(OC)C=C3	0.6	1	1
p-OMeBnNH2-108	L-108		CC(CC1(OCCO1)CC23CCCCC3)(C)[P@]2C4=C(OCC5=CC=CC=C5)C=CC=C4C6=C(C(C)C)C=C(C(C)C)C=C6C(C)C	2393-23-9	NCC1=CC=C(OC)C=C1	149105-06-6	O=C(C1=CC=C(Br)C(C)=C1)N2CCOCC2	O=C(N1CCOCC1)C2=CC=C(C(C)=C2)NCC3=CC=C(OC)C=C3	4.9	1	1
p-OMeBnNH2-109	L-109		CC(C1=CC(C(C)C)=CC(C(C)C)=C1C2=CC=CC(OCC3=CC=CC=C3)=C2P4C5(CCCCC5)CC6(OCCO6)CC47CCCCC7)C	2393-23-9	NCC1=CC=C(OC)C=C1	149105-06-6	O=C(C1=CC=C(Br)C(C)=C1)N2CCOCC2	O=C(N1CCOCC1)C2=CC=C(C(C)=C2)NCC3=CC=C(OC)C=C3	5.7	1	1
p-OMeBnNH2-110	L-110		CC(CC1(OCCO1)CC23CCCCC3)(C)[P@]2C4=C(OC(F)(F)F)C=CC=C4C5=C(C(C)C)C=C(C(C)C)C=C5C(C)C	2393-23-9	NCC1=CC=C(OC)C=C1	149105-06-6	O=C(C1=CC=C(Br)C(C)=C1)N2CCOCC2	O=C(N1CCOCC1)C2=CC=C(C(C)=C2)NCC3=CC=C(OC)C=C3	1.6	1	1
p-OMeBnNH2-111	L-111		COC1=C(P2C3(CCCCC3)CC4(OCCO4)CC25CCCCC5)C(C6=C(N(C)C)C=CC=C6)=C(OC)C=C1	2393-23-9	NCC1=CC=C(OC)C=C1	149105-06-6	O=C(C1=CC=C(Br)C(C)=C1)N2CCOCC2	O=C(N1CCOCC1)C2=CC=C(C(C)=C2)NCC3=CC=C(OC)C=C3	4.6	1	1
p-OMeBnNH2-112	L-112		COC1=C([P@@]2C(C)(C)CC3(OCCO3)CC24CCCCC4)C(C5=C(N(C)C)C=CC=C5N(C)C)=C(OC)C=C1	2393-23-9	NCC1=CC=C(OC)C=C1	149105-06-6	O=C(C1=CC=C(Br)C(C)=C1)N2CCOCC2	O=C(N1CCOCC1)C2=CC=C(C(C)=C2)NCC3=CC=C(OC)C=C3	5.7	1	1
p-OMeBnNH2-113	L-113		COC1=C(P2C3(CCCCC3)CC4(OCCO4)CC25CCCCC5)C(C6=C(C(C)C)C=C(C(C)C)C=C6C(C)C)=CC=C1	2393-23-9	NCC1=CC=C(OC)C=C1	149105-06-6	O=C(C1=CC=C(Br)C(C)=C1)N2CCOCC2	O=C(N1CCOCC1)C2=CC=C(C(C)=C2)NCC3=CC=C(OC)C=C3	5	1	1
p-OMeBnNH2-114	L-114		CC1(C)CC2(OCCO2)CC(C)(C)P1C3=C(C4=C(N(C)C)C=CC=C4OC)C=CC=C3	2393-23-9	NCC1=CC=C(OC)C=C1	149105-06-6	O=C(C1=CC=C(Br)C(C)=C1)N2CCOCC2	O=C(N1CCOCC1)C2=CC=C(C(C)=C2)NCC3=CC=C(OC)C=C3	5.9	1	1
p-OMeBnNH2-115	L-115		CC1(C)CC2(OCCO2)CC(C)(C)P1C3=C(C4=C(C=CC=C5)C5=CC=C4)C=CC=C3	2393-23-9	NCC1=CC=C(OC)C=C1	149105-06-6	O=C(C1=CC=C(Br)C(C)=C1)N2CCOCC2	O=C(N1CCOCC1)C2=CC=C(C(C)=C2)NCC3=CC=C(OC)C=C3	6.3	1	1
p-OMeBnNH2-116	L-116		CC(C)C(C=C1C(C)C)=CC(C(C)C)=C1C2=C(P3C(C)(C)CCCCC3(C)C)C=CC=C2	2393-23-9	NCC1=CC=C(OC)C=C1	149105-06-6	O=C(C1=CC=C(Br)C(C)=C1)N2CCOCC2	O=C(N1CCOCC1)C2=CC=C(C(C)=C2)NCC3=CC=C(OC)C=C3	5.3	1	1
p-OMeBnNH2-117	L-117		CC(CC1(OCCO1)CC23CCCCC3)(C)P2C4=C(C5=C(C(C)C)C=C(C(C)C)C=C5C(C)C)C(OC)=CC=C4OC	2393-23-9	NCC1=CC=C(OC)C=C1	149105-06-6	O=C(C1=CC=C(Br)C(C)=C1)N2CCOCC2	O=C(N1CCOCC1)C2=CC=C(C(C)=C2)NCC3=CC=C(OC)C=C3	5	1	1
p-OMeBnNH2-118	L-118		CC(CC1(OCCO1)CC2(C)C)(C)P2C3=C(C4=C(OC(C)C)C=CC=C4OC(C)C)C=CC=C3	2393-23-9	NCC1=CC=C(OC)C=C1	149105-06-6	O=C(C1=CC=C(Br)C(C)=C1)N2CCOCC2	O=C(N1CCOCC1)C2=CC=C(C(C)=C2)NCC3=CC=C(OC)C=C3	6.3	1	1
p-OMeBnNH2-119	L-119		COC1=C([P@@]2C(C)(C)CC3(OCCO3)CC24CCCCC4)C(C5=C(C(C)C)C=C(C(C)C)C=C5C(C)C)=CC=C1	2393-23-9	NCC1=CC=C(OC)C=C1	149105-06-6	O=C(C1=CC=C(Br)C(C)=C1)N2CCOCC2	O=C(N1CCOCC1)C2=CC=C(C(C)=C2)NCC3=CC=C(OC)C=C3	4.3	1	1
p-OMeBnNH2-120	L-120		COC1=C([P@@]2C3(CCCCC3)CC4(OCCO4)CC2(C)C)C(C5=C(C(C)C)C=C(C(C)C)C=C5C(C)C)=C(C)C=C1	2393-23-9	NCC1=CC=C(OC)C=C1	149105-06-6	O=C(C1=CC=C(Br)C(C)=C1)N2CCOCC2	O=C(N1CCOCC1)C2=CC=C(C(C)=C2)NCC3=CC=C(OC)C=C3	4.8	1	1
p-OMeBnNH2-121	L-121		CC(C)OC1=CC=CC(OC(C)C)=C1C2=CC=CC=C2[P@@]3[C@H](C4=CC=CC=C4)CC5(OCCO5)C[C@@H]3C6=CC=CC=C6	2393-23-9	NCC1=CC=C(OC)C=C1	149105-06-6	O=C(C1=CC=C(Br)C(C)=C1)N2CCOCC2	O=C(N1CCOCC1)C2=CC=C(C(C)=C2)NCC3=CC=C(OC)C=C3	3	1	1
p-OMeBnNH2-122	L-122		CC(C1=CC(C(C)C)=CC(C(C)C)=C1C2=CC=CC=C2[P@@]3[C@H](C4=CC=CC=C4)CC5(OCCO5)C[C@@H]3C6=CC=CC=C6)C	2393-23-9	NCC1=CC=C(OC)C=C1	149105-06-6	O=C(C1=CC=C(Br)C(C)=C1)N2CCOCC2	O=C(N1CCOCC1)C2=CC=C(C(C)=C2)NCC3=CC=C(OC)C=C3	2.4	1	1
p-OMeBnNH2-123	L-123		C[C@](CC1(OCCO1)CC2(C)C)(C3=CC=CC=C3)[P@]2C4=C(OC)C=CC=C4C5=C(C(C)C)C=C(C(C)C)C=C5C(C)C	2393-23-9	NCC1=CC=C(OC)C=C1	149105-06-6	O=C(C1=CC=C(Br)C(C)=C1)N2CCOCC2	O=C(N1CCOCC1)C2=CC=C(C(C)=C2)NCC3=CC=C(OC)C=C3	1.5	1	1
p-OMeBnNH2-124	L-124		CC(C1=CC(C(C)C)=CC(C(C)C)=C1C2=C(OC)C=CC(OC)=C2P3C4(CCCCC4)CC5(OCCO5)CC36CCCCC6)C	2393-23-9	NCC1=CC=C(OC)C=C1	149105-06-6	O=C(C1=CC=C(Br)C(C)=C1)N2CCOCC2	O=C(N1CCOCC1)C2=CC=C(C(C)=C2)NCC3=CC=C(OC)C=C3	5.8	1	1
p-OMeBnNH2-125	L-125		CC(C=CC(OC)=C1P2C3(CCCCC3)CC4(OCCO4)CC25CCCCC5)=C1C6=C(C(C)C)C=C(C(C)C)C=C6C(C)C	2393-23-9	NCC1=CC=C(OC)C=C1	149105-06-6	O=C(C1=CC=C(Br)C(C)=C1)N2CCOCC2	O=C(N1CCOCC1)C2=CC=C(C(C)=C2)NCC3=CC=C(OC)C=C3	5.3	1	1
p-OMeBnNH2-126	L-126		CO[C@H](CC12CCCCC2)CC3(CCCCC3)[P@]1C4=C(OC)C=CC(OC)=C4C5=C(N(C)C)C=CC=C5N(C)C	2393-23-9	NCC1=CC=C(OC)C=C1	149105-06-6	O=C(C1=CC=C(Br)C(C)=C1)N2CCOCC2	O=C(N1CCOCC1)C2=CC=C(C(C)=C2)NCC3=CC=C(OC)C=C3	5.4	1	1
p-OMeBnNH2-127	L-127		C[C@](CC1(OCCO1)CC2(C)C)(C3=CC=CC=C3)[P@]2C4=C(OC)C=CC(OC)=C4C5=C(C(C)C)C=C(C(C)C)C=C5C(C)C	2393-23-9	NCC1=CC=C(OC)C=C1	149105-06-6	O=C(C1=CC=C(Br)C(C)=C1)N2CCOCC2	O=C(N1CCOCC1)C2=CC=C(C(C)=C2)NCC3=CC=C(OC)C=C3	4.3	1	1
p-OMeBnNH2-128	L-128		CN(C1=[C@@](C=CC=C1)[C@@]2=C(C=CC(OC)=C2[P@@]3[C@H](CC4(C[C@H]3C5=CC=C(C=C5)C(F)(F)F)OCCO4)C6=CC=C(C=C6)C(F)(F)F)OC)C	2393-23-9	NCC1=CC=C(OC)C=C1	149105-06-6	O=C(C1=CC=C(Br)C(C)=C1)N2CCOCC2	O=C(N1CCOCC1)C2=CC=C(C(C)=C2)NCC3=CC=C(OC)C=C3	5.6	1	1
p-OMeBnNH2-129	L-129		CC(C=CC(OC)=C1[P@@]2[C@](C)(C3=CC=CC=C3)CC4(OCCO4)CC2(C)C)=C1C5=C(C(C)C)C=C(C(C)C)C=C5C(C)C	2393-23-9	NCC1=CC=C(OC)C=C1	149105-06-6	O=C(C1=CC=C(Br)C(C)=C1)N2CCOCC2	O=C(N1CCOCC1)C2=CC=C(C(C)=C2)NCC3=CC=C(OC)C=C3	1.5	1	1
p-OMeBnNH2-130	L-130		CC(C)C1=C(C2=C(OC)C=CC(OC)=C2[P@@]3[C@](C)(C4=CC=CC=C4)CC5(OCCO5)CC3(C)C)C(C(C)C)=CC(C(C)C)=C1	2393-23-9	NCC1=CC=C(OC)C=C1	149105-06-6	O=C(C1=CC=C(Br)C(C)=C1)N2CCOCC2	O=C(N1CCOCC1)C2=CC=C(C(C)=C2)NCC3=CC=C(OC)C=C3	3.1	1	1
p-OMeBnNH2-131	L-131		CC(CC1(OCCO1)CC2(C)C)(C)P2C3=CC=CC=C3N4C=CC=C4	2393-23-9	NCC1=CC=C(OC)C=C1	149105-06-6	O=C(C1=CC=C(Br)C(C)=C1)N2CCOCC2	O=C(N1CCOCC1)C2=CC=C(C(C)=C2)NCC3=CC=C(OC)C=C3	5.5	1	0
p-OMeBnNH2-132	L-132		CC(CC1(OCCO1)CC2(C)C)(C)P2C3=CC=CC=C3C4=C(OC)C=CC=C4OC	2393-23-9	NCC1=CC=C(OC)C=C1	149105-06-6	O=C(C1=CC=C(Br)C(C)=C1)N2CCOCC2	O=C(N1CCOCC1)C2=CC=C(C(C)=C2)NCC3=CC=C(OC)C=C3	7.9	1	1
p-OMeBnNH2-133	L-133		CC1(C)CC2(OCCO2)CC(C)(C)P1C3=C(C4=C(C=CC=C5)C5=CC=C4)C6=C(C=CC=C6)C=C3	2393-23-9	NCC1=CC=C(OC)C=C1	149105-06-6	O=C(C1=CC=C(Br)C(C)=C1)N2CCOCC2	O=C(N1CCOCC1)C2=CC=C(C(C)=C2)NCC3=CC=C(OC)C=C3	6.2	1	1
p-OMeBnNH2-134	L-134		CC1(C)CC2(OCCO2)CC(C)(C)P1C3=C(C4=C(C=CC=C5)C5=CC=C4OC)C6=C(C=CC=C6)C=C3	2393-23-9	NCC1=CC=C(OC)C=C1	149105-06-6	O=C(C1=CC=C(Br)C(C)=C1)N2CCOCC2	O=C(N1CCOCC1)C2=CC=C(C(C)=C2)NCC3=CC=C(OC)C=C3	7.1	1	1
p-OMeBnNH2-135	L-135		CN(C)C(C=CC=C1N(C)C)=C1C2=C(P3C4(CCCCC4)CC5(OCCO5)CC36CCCCC6)C=CC=C2	2393-23-9	NCC1=CC=C(OC)C=C1	149105-06-6	O=C(C1=CC=C(Br)C(C)=C1)N2CCOCC2	O=C(N1CCOCC1)C2=CC=C(C(C)=C2)NCC3=CC=C(OC)C=C3	4	1	1
p-OMeBnNH2-136	L-136		[C@H]1(C2=CC=CC=C2)P(C3=CC=CC=C3)[C@@H](C4=CC=CC=C4)CC5(OCCO5)C1	2393-23-9	NCC1=CC=C(OC)C=C1	149105-06-6	O=C(C1=CC=C(Br)C(C)=C1)N2CCOCC2	O=C(N1CCOCC1)C2=CC=C(C(C)=C2)NCC3=CC=C(OC)C=C3	0.7	1	0
p-OMeBnNH2-137	L-137		CC(CC1(OCCO1)CC2(C3=CC=CC=C3)C4=CC=CC=C4)(C)P2C5=C(C6=C(C=CC=C7)C7=CC=C6)C=CC=C5	2393-23-9	NCC1=CC=C(OC)C=C1	149105-06-6	O=C(C1=CC=C(Br)C(C)=C1)N2CCOCC2	O=C(N1CCOCC1)C2=CC=C(C(C)=C2)NCC3=CC=C(OC)C=C3	5.2	1	1
p-OMeBnNH2-138	L-138		C1(C2=C(C=CC=C3)C3=CC=C2)=C(P4C(C5=CC=CC=C5)CC6(OCCO6)CC4C7=CC=CC=C7)C=CC=C1	2393-23-9	NCC1=CC=C(OC)C=C1	149105-06-6	O=C(C1=CC=C(Br)C(C)=C1)N2CCOCC2	O=C(N1CCOCC1)C2=CC=C(C(C)=C2)NCC3=CC=C(OC)C=C3	6.5	1	1
p-OMeBnNH2-139	L-139		[C@]1([C@@]2=C3C=CC=CC3=CC4=C2C=CC=C4)=C(C=CC=C1)[P@@]5[C@H](CC6(C[C@H]5C7=CC=CC=C7)OCCO6)C8=CC=CC=C8	2393-23-9	NCC1=CC=C(OC)C=C1	149105-06-6	O=C(C1=CC=C(Br)C(C)=C1)N2CCOCC2	O=C(N1CCOCC1)C2=CC=C(C(C)=C2)NCC3=CC=C(OC)C=C3	0.5	1	1
p-OMeBnNH2-140	L-140		C12=C([C@@]([C@@]3=C4C=CC=CC4=CC=C3)=C(C=C2)[P@@]5[C@H](CC6(C[C@H]5C7=CC=CC=C7)OCCO6)C8=CC=CC=C8)C=CC=C1	2393-23-9	NCC1=CC=C(OC)C=C1	149105-06-6	O=C(C1=CC=C(Br)C(C)=C1)N2CCOCC2	O=C(N1CCOCC1)C2=CC=C(C(C)=C2)NCC3=CC=C(OC)C=C3	6.8	1	1
p-OMeBnNH2-141	L-141		CCC1(CC)CC2(OCCO2)CC(CC)(CC)P1C3=CC=CC=C3C4=C(C(C)C)C=C(C(C)C)C=C4C(C)C	2393-23-9	NCC1=CC=C(OC)C=C1	149105-06-6	O=C(C1=CC=C(Br)C(C)=C1)N2CCOCC2	O=C(N1CCOCC1)C2=CC=C(C(C)=C2)NCC3=CC=C(OC)C=C3	3.8	1	1
p-OMeBnNH2-142	L-142		CCC1(CC)CC2(OCCO2)CC(CC)(CC)P1C3=C(OC)C=CC=C3C4=C(C(C)C)C=C(C(C)C)C=C4C(C)C	2393-23-9	NCC1=CC=C(OC)C=C1	149105-06-6	O=C(C1=CC=C(Br)C(C)=C1)N2CCOCC2	O=C(N1CCOCC1)C2=CC=C(C(C)=C2)NCC3=CC=C(OC)C=C3	0.9	1	1
p-OMeBnNH2-143	L-143		CCC1(CC)CC2(OCCO2)CC(CC)(CC)P1C3=CC=CC=C3C4=C5C(C=CC=C5)=CC=C4	2393-23-9	NCC1=CC=C(OC)C=C1	149105-06-6	O=C(C1=CC=C(Br)C(C)=C1)N2CCOCC2	O=C(N1CCOCC1)C2=CC=C(C(C)=C2)NCC3=CC=C(OC)C=C3	5.4	1	1
p-OMeBnNH2-144	L-144		CC1(C)CC2(OCCO2)CC(C3=C(C(F)(F)F)C=CC=C3C(F)(F)F)(C)P1C4=CC=CC=C4C5=C6C(C=CC=C6)=CC=C5	2393-23-9	NCC1=CC=C(OC)C=C1	149105-06-6	O=C(C1=CC=C(Br)C(C)=C1)N2CCOCC2	O=C(N1CCOCC1)C2=CC=C(C(C)=C2)NCC3=CC=C(OC)C=C3	5.6	1	1
p-OMeBnNH2-145	L-145		CC(C)C1=C(C2=C(OC)C=CC(OC)=C2P3C(C4=CC(C(F)(F)F)=CC(C(F)(F)F)=C4)CC5(OCCO5)CC3C6=CC(C(F)(F)F)=CC(C(F)(F)F)=C6)C(C(C)C)=CC(C(C)C)=C1	2393-23-9	NCC1=CC=C(OC)C=C1	149105-06-6	O=C(C1=CC=C(Br)C(C)=C1)N2CCOCC2	O=C(N1CCOCC1)C2=CC=C(C(C)=C2)NCC3=CC=C(OC)C=C3	46	1	1
p-OMeBnNH2-146	L-146		CC(C)C1=C(C2=C(C)C=CC(OC)=C2P3C(C4=CC=C(C(F)(F)F)C=C4)CC5(OCCO5)CC3C6=CC=C(C(F)(F)F)C=C6)C(C(C)C)=CC(C(C)C)=C1	2393-23-9	NCC1=CC=C(OC)C=C1	149105-06-6	O=C(C1=CC=C(Br)C(C)=C1)N2CCOCC2	O=C(N1CCOCC1)C2=CC=C(C(C)=C2)NCC3=CC=C(OC)C=C3	67	1	1
p-OMeBnNH2-147	L-147		CC(C1=[C@](C(C(C)C)=CC(C(C)C)=C1)[C@]2=CC=CC(OC(C)C)=C2[P@@]3[C@H](CC4(C[C@H]3C5=CC=CC=C5)OCCO4)C6=CC=CC=C6)C	2393-23-9	NCC1=CC=C(OC)C=C1	149105-06-6	O=C(C1=CC=C(Br)C(C)=C1)N2CCOCC2	O=C(N1CCOCC1)C2=CC=C(C(C)=C2)NCC3=CC=C(OC)C=C3	79	1	1
p-OMeBnNH2-148	L-148		CC(C1=C(C(C(C)C)=CC(C(C)C)=C1)C2=CC=CC(OC(C)C)=C2[P@@]3[C@H](CC4(C[C@H]3C5=CC=C(C=C5)C(F)(F)F)OCCO4)C6=CC=C(C=C6)C(F)(F)F)C	2393-23-9	NCC1=CC=C(OC)C=C1	149105-06-6	O=C(C1=CC=C(Br)C(C)=C1)N2CCOCC2	O=C(N1CCOCC1)C2=CC=C(C(C)=C2)NCC3=CC=C(OC)C=C3	18	1	1